,DDG (kcal / mol),dDDG (kcal / mol),exp_DDG (kcal / mol),|DDG - exp_DDG|
M244V,-0.439338407178732,0.16873787466780246,0.21,0.649338407178732
L248R,2.0005627023329935,0.274421879345639,2.33,0.3294372976670066
L248V,-0.5638489118526643,0.18985984789302984,0.64,1.2038489118526643
G250E,-0.3466679782233455,0.11940797307649478,1.01,1.3566679782233455
Y253F,0.4332875804222304,0.1052866923375084,1.9,1.4667124195777694
E255K,0.8280744639730899,0.2689235931367137,1.5,0.6719255360269101
E255V,1.0379481959487658,0.327489956041243,2.22,1.1820518040512344
V299L,-0.6515824687174206,0.6653064512423982,0.23,0.8815824687174206
