,DDG (kcal / mol),dDDG (kcal / mol),exp_DDG (kcal / mol),|DDG - exp_DDG|
E255K,0.20993855417272939,0.2770738794768299,0.9,0.6900614458272707
E255V,0.6591748622040061,0.2627792321248268,1.02,0.3608251377959939
E355A,-0.12549078409670308,0.2642476764015032,0.24,0.3654907840967031
F317C,1.5718579293531807,0.09810940678604256,1.86,0.2881420706468194
F317I,1.9941546200654467,0.1655791690018261,1.79,0.2041546200654467
F317L,3.507349653459622,0.21610702055527817,0.96,2.547349653459622
F317V,2.125586515681592,0.1627022728336917,2.36,0.23441348431840803
F359C,0.1959619226281028,0.2159814779980624,0.0,0.1959619226281028
F359I,0.3231285402796461,0.17406709263173134,0.24,0.08312854027964611
F359V,0.35221624248801137,0.25645414002357964,0.0,0.35221624248801137
G250E,0.0061081875269958265,0.09636196059674922,0.41,0.40389181247300415
L248R,5.794074337359321,0.45921550822129714,0.65,5.144074337359321
L248V,0.2392084313035614,0.16043499110115347,0.55,0.31079156869643865
M244V,0.06870106949288671,0.22247150992755652,0.0,0.06870106949288671
M351T,0.00410708787676616,0.21238697316946817,0.0,0.00410708787676616
T315A,2.5943124245143867,0.6896797202301248,2.02,0.5743124245143867
T315I,2.7585225997936162,0.16601790124937751,5.08,2.321477400206384
V299L,1.4048036436556637,0.2236676965037485,1.24,0.1648036436556637
Y253F,0.6429321177556526,0.08090138492833983,0.24,0.40293211775565263
